Comune;Codice ISTAT;Abitanti;Positivi;Rapporto;Data
Antrona Schieranco;103001;-1;2;4.769999980926514;2020/12/23
Anzola d'Ossola;103002;-1;1;2.4600000381469727;2020/12/23
Arizzano;103003;-1;9;4.46999979019165;2020/12/23
Arola;103004;-1;0;0;2020/12/23
Aurano;103005;-1;0;0;2020/12/23
Baceno;103006;-1;3;3.3399999141693115;2020/12/23
Bannio Anzino;103007;-1;2;4.179999828338623;2020/12/23
Baveno;103008;-1;7;1.4199999570846558;2020/12/23
Bee;103009;-1;3;3.9700000286102295;2020/12/23
Belgirate;103010;-1;0;0;2020/12/23
Beura-Cardezza;103011;-1;5;3.4100000858306885;2020/12/23
Bognanco;103012;-1;2;10.640000343322754;2020/12/23
Brovello-Carpugnino;103013;-1;3;4.21999979019165;2020/12/23
Calasca-Castiglione;103014;-1;1;1.6399999856948853;2020/12/23
Cambiasca;103015;-1;4;2.4600000381469727;2020/12/23
Cannero Riviera;103016;-1;1;1.100000023841858;2020/12/23
Cannobio;103017;-1;20;3.9100000858306885;2020/12/23
Caprezzo;103018;-1;1;5.920000076293945;2020/12/23
Casale Corte Cerro;103019;-1;17;4.900000095367432;2020/12/23
Ceppo Morelli;103021;-1;0;0;2020/12/23
Cesara;103022;-1;2;3.369999885559082;2020/12/23
Cossogno;103023;-1;0;0;2020/12/23
Craveggia;103024;-1;2;2.619999885559082;2020/12/23
Crevoladossola;103025;-1;17;3.700000047683716;2020/12/23
Crodo;103026;-1;4;2.859999895095825;2020/12/23
Domodossola;103028;-1;88;4.849999904632568;2020/12/23
Druogno;103029;-1;8;7.519999980926514;2020/12/23
Formazza;103031;-1;1;2.259999990463257;2020/12/23
Germagno;103032;-1;2;10.529999732971191;2020/12/23
Ghiffa;103033;-1;10;4.25;2020/12/23
Gignese;103034;-1;0;0;2020/12/23
Gravellona Toce;103035;-1;16;2.049999952316284;2020/12/23
Gurro;103036;-1;0;0;2020/12/23
Intragna;103037;-1;0;0;2020/12/23
Loreglia;103038;-1;1;4.289999961853027;2020/12/23
Macugnaga;103039;-1;0;0;2020/12/23
Madonna del Sasso;103040;-1;0;0;2020/12/23
Malesco;103041;-1;2;1.4500000476837158;2020/12/23
Masera;103042;-1;5;3.380000114440918;2020/12/23
Massiola;103043;-1;0;0;2020/12/23
Mergozzo;103044;-1;8;3.700000047683716;2020/12/23
Miazzina;103045;-1;1;2.619999885559082;2020/12/23
Montecrestese;103046;-1;2;1.5700000524520874;2020/12/23
Montescheno;103047;-1;3;7.650000095367432;2020/12/23
Nonio;103048;-1;0;0;2020/12/23
Oggebbio;103049;-1;3;3.440000057220459;2020/12/23
Omegna;103050;-1;44;2.9000000953674316;2020/12/23
Ornavasso;103051;-1;15;4.369999885559082;2020/12/23
Pallanzeno;103052;-1;2;1.7400000095367432;2020/12/23
Piedimulera;103053;-1;2;1.309999942779541;2020/12/23
Pieve Vergonte;103054;-1;8;3.180000066757202;2020/12/23
Premeno;103055;-1;1;1.3700000047683716;2020/12/23
Premia;103056;-1;0;0;2020/12/23
Premosello-Chiovenda;103057;-1;6;3.0899999141693115;2020/12/23
Quarna Sopra;103058;-1;1;3.9700000286102295;2020/12/23
Quarna Sotto;103059;-1;1;2.5999999046325684;2020/12/23
Re;103060;-1;4;5.429999828338623;2020/12/23
San Bernardino Verbano;103061;-1;2;1.5199999809265137;2020/12/23
Santa Maria Maggiore;103062;-1;4;3.0999999046325684;2020/12/23
Stresa;103064;-1;5;1.0299999713897705;2020/12/23
Toceno;103065;-1;1;1.3700000047683716;2020/12/23
Trarego Viggiona;103066;-1;0;0;2020/12/23
Trasquera;103067;-1;0;0;2020/12/23
Trontano;103068;-1;12;7.190000057220459;2020/12/23
Valstrona;103069;-1;0;0;2020/12/23
Vanzone con San Carlo;103070;-1;0;0;2020/12/23
Varzo;103071;-1;4;1.9800000190734863;2020/12/23
Verbania;103072;-1;165;5.409999847412109;2020/12/23
Vignone;103074;-1;6;5.019999980926514;2020/12/23
Villadossola;103075;-1;22;3.369999885559082;2020/12/23
Villette;103076;-1;2;7.190000057220459;2020/12/23
Vogogna;103077;-1;6;3.4200000762939453;2020/12/23
Borgomezzavalle;103078;-1;0;0;2020/12/23
Valle Cannobina;103079;-1;0;0;2020/12/23
Valdilana;096088;-1;40;3.700000047683716;2020/12/23
Quaregna Cerreto;096087;-1;3;1.4700000286102295;2020/12/23
Campiglia Cervo;096086;-1;0;0;2020/12/23
Lessona;096085;-1;11;4.039999961853027;2020/12/23
Zumaglia;096083;-1;0;0;2020/12/23
Zubiena;096082;-1;5;4.360000133514404;2020/12/23
Zimone;096081;-1;5;12.529999732971191;2020/12/23
Viverone;096080;-1;5;3.5399999618530273;2020/12/23
Villanova Biellese;096079;-1;0;0;2020/12/23
Villa del Bosco;096078;-1;7;20.899999618530273;2020/12/23
Vigliano Biellese;096077;-1;25;3.259999990463257;2020/12/23
Verrone;096076;-1;7;5.610000133514404;2020/12/23
Veglio;096075;-1;0;0;2020/12/23
Valle San Nicolao;096074;-1;2;2.0999999046325684;2020/12/23
Vallanzengo;096072;-1;0;0;2020/12/23
Valdengo;096071;-1;3;1.2200000286102295;2020/12/23
Torrazzo;096069;-1;0;0;2020/12/23
Tollegno;096068;-1;20;8.170000076293945;2020/12/23
Ternengo;096067;-1;1;3.569999933242798;2020/12/23
Tavigliano;096066;-1;10;10.789999961853027;2020/12/23
Strona;096065;-1;1;0.9300000071525574;2020/12/23
Sostegno;096064;-1;1;1.2999999523162842;2020/12/23
Sordevolo;096063;-1;2;1.4900000095367432;2020/12/23
Sandigliano;096059;-1;4;1.5;2020/12/23
Salussola;096058;-1;12;6.239999771118164;2020/12/23
Sala Biellese;096057;-1;1;1.690000057220459;2020/12/23
Sagliano Micca;096056;-1;2;1.25;2020/12/23
Rosazza;096055;-1;0;0;2020/12/23
Roppolo;096054;-1;4;4.550000190734863;2020/12/23
Ronco Biellese;096053;-1;1;0.6600000262260437;2020/12/23
Pray;096050;-1;6;2.8399999141693115;2020/12/23
Pralungo;096049;-1;6;2.5299999713897705;2020/12/23
Portula;096048;-1;7;5.869999885559082;2020/12/23
Ponderano;096047;-1;9;2.380000114440918;2020/12/23
Pollone;096046;-1;10;4.730000019073486;2020/12/23
Piedicavallo;096044;-1;0;0;2020/12/23
Piatto;096043;-1;2;3.9700000286102295;2020/12/23
Pettinengo;096042;-1;5;3.2899999618530273;2020/12/23
Occhieppo Superiore;096041;-1;3;1.1100000143051147;2020/12/23
Occhieppo Inferiore;096040;-1;8;2.049999952316284;2020/12/23
Netro;096039;-1;1;1.0299999713897705;2020/12/23
Muzzano;096038;-1;0;0;2020/12/23
Mottalciata;096037;-1;3;2.2200000286102295;2020/12/23
Mongrando;096035;-1;9;2.369999885559082;2020/12/23
Miagliano;096034;-1;7;12.260000228881836;2020/12/23
Mezzana Mortigliengo;096033;-1;2;3.990000009536743;2020/12/23
Masserano;096032;-1;9;4.300000190734863;2020/12/23
Massazza;096031;-1;0;0;2020/12/23
Magnano;096030;-1;2;5.079999923706055;2020/12/23
Graglia;096028;-1;0;0;2020/12/23
Gifflenga;096027;-1;0;0;2020/12/23
Gaglianico;096026;-1;8;2.140000104904175;2020/12/23
Dorzano;096025;-1;3;5.650000095367432;2020/12/23
Donato;096024;-1;1;1.3899999856948853;2020/12/23
Curino;096023;-1;0;0;2020/12/23
Crevacuore;096021;-1;14;9.350000381469727;2020/12/23
Cossato;096020;-1;39;2.680000066757202;2020/12/23
Coggiola;096019;-1;13;7.21999979019165;2020/12/23
Cerrione;096018;-1;3;1.0399999618530273;2020/12/23
Cavaglià;096016;-1;27;7.449999809265137;2020/12/23
Castelletto Cervo;096015;-1;4;4.880000114440918;2020/12/23
Casapinta;096014;-1;1;2.390000104904175;2020/12/23
Caprile;096013;-1;0;0;2020/12/23
Candelo;096012;-1;18;2.390000104904175;2020/12/23
Camburzano;096010;-1;8;6.929999828338623;2020/12/23
Camandona;096009;-1;1;2.869999885559082;2020/12/23
Callabiana;096008;-1;0;0;2020/12/23
Brusnengo;096007;-1;4;1.9800000190734863;2020/12/23
Borriana;096006;-1;1;1.1399999856948853;2020/12/23
Bioglio;096005;-1;3;3.390000104904175;2020/12/23
Biella;096004;-1;163;3.7100000381469727;2020/12/23
Benna;096003;-1;3;2.559999942779541;2020/12/23
Andorno Micca;096002;-1;15;4.71999979019165;2020/12/23
Ailoche;096001;-1;0;0;2020/12/23
Lu e Cuccaro Monferrato;006193;-1;2;1.4199999570846558;2020/12/23
Alluvioni Piovera;006192;-1;9;5.179999828338623;2020/12/23
Cassano Spinola;006191;-1;3;1.659999966621399;2020/12/23
Voltaggio;006190;-1;2;2.819999933242798;2020/12/23
Volpeglino;006189;-1;0;0;2020/12/23
Volpedo;006188;-1;0;0;2020/12/23
Visone;006187;-1;8;6.46999979019165;2020/12/23
Villaromagnano;006186;-1;0;0;2020/12/23
Villanova Monferrato;006185;-1;7;3.759999990463257;2020/12/23
Villamiroglio;006184;-1;0;0;2020/12/23
Villalvernia;006183;-1;0;0;2020/12/23
Villadeati;006182;-1;0;0;2020/12/23
Viguzzolo;006181;-1;5;1.6100000143051147;2020/12/23
Vignole Borbera;006180;-1;7;3.380000114440918;2020/12/23
Vignale Monferrato;006179;-1;0;0;2020/12/23
Valmacca;006178;-1;22;21.90999984741211;2020/12/23
Valenza;006177;-1;57;3.059999942779541;2020/12/23
Trisobbio;006176;-1;0;0;2020/12/23
Treville;006175;-1;2;7.139999866485596;2020/12/23
Tortona;006174;-1;46;1.690000057220459;2020/12/23
Ticineto;006173;-1;6;4.5;2020/12/23
Terzo;006172;-1;2;2.3499999046325684;2020/12/23
Terruggia;006171;-1;3;3.2300000190734863;2020/12/23
Tassarolo;006170;-1;1;1.590000033378601;2020/12/23
Tagliolo Monferrato;006169;-1;5;3.240000009536743;2020/12/23
Strevi;006168;-1;6;3.0799999237060547;2020/12/23
Stazzano;006167;-1;5;2.0899999141693115;2020/12/23
Spineto Scrivia;006166;-1;1;2.7200000286102295;2020/12/23
Spigno Monferrato;006165;-1;3;2.9800000190734863;2020/12/23
Solonghello;006164;-1;1;4.71999979019165;2020/12/23
Solero;006163;-1;6;3.5999999046325684;2020/12/23
Silvano d'Orba;006162;-1;9;4.650000095367432;2020/12/23
Sezzadio;006161;-1;7;5.570000171661377;2020/12/23
Serravalle Scrivia;006160;-1;12;2;2020/12/23
Serralunga di Crea;006159;-1;2;3.740000009536743;2020/12/23
Sarezzano;006158;-1;1;0.8500000238418579;2020/12/23
Sardigliano;006157;-1;0;0;2020/12/23
Sant'Agata Fossili;006156;-1;0;0;2020/12/23
San Sebastiano Curone;006155;-1;5;8.579999923706055;2020/12/23
San Salvatore Monferrato;006154;-1;7;1.659999966621399;2020/12/23
San Giorgio Monferrato;006153;-1;3;2.4700000286102295;2020/12/23
San Cristoforo;006152;-1;0;0;2020/12/23
Sale;006151;-1;9;2.2300000190734863;2020/12/23
Sala Monferrato;006150;-1;0;0;2020/12/23
Rosignano Monferrato;006149;-1;6;3.9700000286102295;2020/12/23
Rocchetta Ligure;006148;-1;0;0;2020/12/23
Rocca Grimalda;006147;-1;2;1.3600000143051147;2020/12/23
Roccaforte Ligure;006146;-1;0;0;2020/12/23
Rivarone;006145;-1;0;0;2020/12/23
Rivalta Bormida;006144;-1;3;2.140000104904175;2020/12/23
Ricaldone;006143;-1;1;1.5499999523162842;2020/12/23
Quattordio;006142;-1;13;8.1899995803833;2020/12/23
Quargnento;006141;-1;6;4.260000228881836;2020/12/23
Predosa;006140;-1;4;2.0299999713897705;2020/12/23
Prasco;006139;-1;2;4.070000171661377;2020/12/23
Pozzolo Formigaro;006138;-1;5;1.0700000524520874;2020/12/23
Pozzol Groppo;006137;-1;1;3.440000057220459;2020/12/23
Ponzone;006136;-1;2;1.9800000190734863;2020/12/23
Ponzano Monferrato;006135;-1;0;0;2020/12/23
Ponti;006134;-1;0;0;2020/12/23
Pontestura;006133;-1;3;2.109999895095825;2020/12/23
Pontecurone;006132;-1;2;0.5600000023841858;2020/12/23
Pomaro Monferrato;006131;-1;0;0;2020/12/23
Pietra Marazzi;006129;-1;1;1.1100000143051147;2020/12/23
Pecetto di Valenza;006128;-1;2;1.659999966621399;2020/12/23
Pasturana;006127;-1;4;3.130000114440918;2020/12/23
Parodi Ligure;006126;-1;2;3.0799999237060547;2020/12/23
Pareto;006125;-1;0;0;2020/12/23
Paderna;006124;-1;0;0;2020/12/23
Ozzano Monferrato;006123;-1;9;6.420000076293945;2020/12/23
Oviglio;006122;-1;13;10.529999732971191;2020/12/23
Ovada;006121;-1;33;2.9200000762939453;2020/12/23
Ottiglio;006120;-1;1;1.6299999952316284;2020/12/23
Orsara Bormida;006119;-1;0;0;2020/12/23
Olivola;006118;-1;0;0;2020/12/23
Odalengo Piccolo;006117;-1;1;3.9200000762939453;2020/12/23
Odalengo Grande;006116;-1;1;2.359999895095825;2020/12/23
Occimiano;006115;-1;5;3.880000114440918;2020/12/23
Novi Ligure;006114;-1;103;3.640000104904175;2020/12/23
Murisengo;006113;-1;5;3.6700000762939453;2020/12/23
Morsasco;006112;-1;2;3.180000066757202;2020/12/23
Mornese;006111;-1;3;4.159999847412109;2020/12/23
Morbello;006110;-1;0;0;2020/12/23
Morano sul Po;006109;-1;8;5.760000228881836;2020/12/23
Montemarzino;006108;-1;1;3.319999933242798;2020/12/23
Montegioco;006107;-1;0;0;2020/12/23
Montechiaro d'Acqui;006106;-1;0;0;2020/12/23
Montecastello;006105;-1;0;0;2020/12/23
Montaldo Bormida;006104;-1;0;0;2020/12/23
Montaldeo;006103;-1;0;0;2020/12/23
Montacuto;006102;-1;1;3.9700000286102295;2020/12/23
Monleale;006101;-1;0;0;2020/12/23
Mongiardino Ligure;006100;-1;0;0;2020/12/23
Moncestino;006099;-1;0;0;2020/12/23
Momperone;006098;-1;0;0;2020/12/23
Mombello Monferrato;006097;-1;4;3.9600000381469727;2020/12/23
Molino dei Torti;006096;-1;0;0;2020/12/23
Molare;006095;-1;6;2.9100000858306885;2020/12/23
Mirabello Monferrato;006094;-1;2;1.5299999713897705;2020/12/23
Merana;006093;-1;1;5.380000114440918;2020/12/23
Melazzo;006092;-1;5;3.869999885559082;2020/12/23
Masio;006091;-1;3;2.200000047683716;2020/12/23
Malvicino;006090;-1;0;0;2020/12/23
Lerma;006088;-1;1;1.2200000286102295;2020/12/23
Isola Sant'Antonio;006087;-1;0;0;2020/12/23
Guazzora;006086;-1;0;0;2020/12/23
Grondona;006085;-1;2;4.090000152587891;2020/12/23
Grognardo;006084;-1;0;0;2020/12/23
Gremiasco;006083;-1;0;0;2020/12/23
Giarole;006082;-1;1;1.4199999570846558;2020/12/23
Gavi;006081;-1;15;3.3399999141693115;2020/12/23
Garbagna;006079;-1;2;3.0299999713897705;2020/12/23
Gamalero;006078;-1;3;3.630000114440918;2020/12/23
Gabiano;006077;-1;4;3.6500000953674316;2020/12/23
Fubine Monferrato;006076;-1;8;4.989999771118164;2020/12/23
Frugarolo;006075;-1;25;12.8100004196167;2020/12/23
Fresonara;006074;-1;1;1.4900000095367432;2020/12/23
Frassineto Po;006073;-1;4;2.9000000953674316;2020/12/23
Frassinello Monferrato;006072;-1;0;0;2020/12/23
Frascaro;006071;-1;0;0;2020/12/23
Francavilla Bisio;006070;-1;4;7.920000076293945;2020/12/23
Fraconalto;006069;-1;1;3.1500000953674316;2020/12/23
Felizzano;006068;-1;11;4.880000114440918;2020/12/23
Fabbrica Curone;006067;-1;0;0;2020/12/23
Dernice;006066;-1;0;0;2020/12/23
Denice;006065;-1;0;0;2020/12/23
Cremolino;006063;-1;1;0.9399999976158142;2020/12/23
Costa Vescovato;006062;-1;0;0;2020/12/23
Conzano;006061;-1;1;1.0399999618530273;2020/12/23
Coniolo;006060;-1;2;4.420000076293945;2020/12/23
Cerrina Monferrato;006059;-1;1;0.7400000095367432;2020/12/23
Cerreto Grue;006058;-1;0;0;2020/12/23
Cereseto;006057;-1;0;0;2020/12/23
Cella Monte;006056;-1;0;0;2020/12/23
Cavatore;006055;-1;0;0;2020/12/23
Castelspina;006054;-1;0;0;2020/12/23
Castelnuovo Scrivia;006053;-1;3;0.5899999737739563;2020/12/23
Castelnuovo Bormida;006052;-1;3;4.289999961853027;2020/12/23
Castelletto Monferrato;006051;-1;4;2.6600000858306885;2020/12/23
Castelletto Merli;006050;-1;0;0;2020/12/23
Castelletto d'Orba;006049;-1;3;1.5299999713897705;2020/12/23
Castelletto d'Erro;006048;-1;0;0;2020/12/23
Castellazzo Bormida;006047;-1;52;11.489999771118164;2020/12/23
Castellar Guidobono;006046;-1;2;5.03000020980835;2020/12/23
Castellania Coppi;006045;-1;0;0;2020/12/23
Cassinelle;006044;-1;2;2.2699999809265137;2020/12/23
Cassine;006043;-1;16;5.440000057220459;2020/12/23
Casasco;006041;-1;2;15.149999618530273;2020/12/23
Casalnoceto;006040;-1;2;2.0399999618530273;2020/12/23
Casale Monferrato;006039;-1;131;3.880000114440918;2020/12/23
Casaleggio Boiro;006038;-1;1;2.619999885559082;2020/12/23
Casal Cermelli;006037;-1;5;4.099999904632568;2020/12/23
Cartosio;006036;-1;8;10.850000381469727;2020/12/23
Carrosio;006035;-1;0;0;2020/12/23
Carrega Ligure;006034;-1;0;0;2020/12/23
Carpeneto;006033;-1;0;0;2020/12/23
Carezzano;006032;-1;0;0;2020/12/23
Carentino;006031;-1;0;0;2020/12/23
Carbonara Scrivia;006030;-1;0;0;2020/12/23
Capriata d'Orba;006029;-1;8;4.340000152587891;2020/12/23
Cantalupo Ligure;006028;-1;0;0;2020/12/23
Camino;006027;-1;3;3.990000009536743;2020/12/23
Camagna Monferrato;006026;-1;1;2.0199999809265137;2020/12/23
Cabella Ligure;006025;-1;1;1.9900000095367432;2020/12/23
Brignano-Frascata;006024;-1;1;2.2899999618530273;2020/12/23
Bozzole;006023;-1;1;2.990000009536743;2020/12/23
Bosio;006022;-1;0;0;2020/12/23
Bosco Marengo;006021;-1;8;3.390000104904175;2020/12/23
Borgo San Martino;006020;-1;2;1.4299999475479126;2020/12/23
Borgoratto Alessandrino;006019;-1;1;1.8200000524520874;2020/12/23
Borghetto di Borbera;006018;-1;1;0.5099999904632568;2020/12/23
Bistagno;006017;-1;1;0.5600000023841858;2020/12/23
Berzano di Tortona;006016;-1;0;0;2020/12/23
Bergamasco;006015;-1;2;2.7799999713897705;2020/12/23
Belforte Monferrato;006014;-1;0;0;2020/12/23
Bassignana;006013;-1;7;4.179999828338623;2020/12/23
Basaluzzo;006012;-1;21;10.140000343322754;2020/12/23
Balzola;006011;-1;0;0;2020/12/23
Avolasca;006010;-1;0;0;2020/12/23
Arquata Scrivia;006009;-1;11;1.7300000190734863;2020/12/23
Alzano Scrivia;006008;-1;0;0;2020/12/23
Altavilla Monferrato;006007;-1;2;4.650000095367432;2020/12/23
Alice Bel Colle;006005;-1;2;2.680000066757202;2020/12/23
Alfiano Natta;006004;-1;7;8.989999771118164;2020/12/23
Alessandria;006003;-1;380;4.059999942779541;2020/12/23
Albera Ligure;006002;-1;0;0;2020/12/23
Acqui Terme;006001;-1;51;2.5999999046325684;2020/12/23
Montiglio Monferrato;005121;-1;17;10.600000381469727;2020/12/23
Vinchio;005120;-1;2;3.4700000286102295;2020/12/23
Villa San Secondo;005119;-1;1;2.619999885559082;2020/12/23
Villanova d'Asti;005118;-1;49;8.630000114440918;2020/12/23
Villafranca d'Asti;005117;-1;32;10.609999656677246;2020/12/23
Vigliano d'Asti;005116;-1;4;5.039999961853027;2020/12/23
Viarigi;005115;-1;5;5.690000057220459;2020/12/23
Viale;005114;-1;0;0;2020/12/23
Vesime;005113;-1;0;0;2020/12/23
Valfenera;005112;-1;21;8.720000267028809;2020/12/23
Vaglio Serra;005111;-1;1;3.4800000190734863;2020/12/23
Tonengo;005110;-1;27;113.91999816894531;2020/12/23
Tonco;005109;-1;5;6.179999828338623;2020/12/23
Tigliole;005108;-1;14;8.140000343322754;2020/12/23
Soglio;005107;-1;1;6.849999904632568;2020/12/23
Settime;005106;-1;1;1.8200000524520874;2020/12/23
Sessame;005105;-1;3;11.40999984741211;2020/12/23
Serole;005104;-1;3;26.549999237060547;2020/12/23
Scurzolengo;005103;-1;0;0;2020/12/23
San Paolo Solbrito;005101;-1;16;13.369999885559082;2020/12/23
San Marzano Oliveto;005100;-1;6;5.909999847412109;2020/12/23
San Martino Alfieri;005099;-1;3;4.559999942779541;2020/12/23
San Giorgio Scarampi;005098;-1;0;0;2020/12/23
San Damiano d'Asti;005097;-1;61;7.340000152587891;2020/12/23
Rocchetta Tanaro;005096;-1;1;0.699999988079071;2020/12/23
Rocchetta Palafea;005095;-1;0;0;2020/12/23
Roccaverano;005094;-1;0;0;2020/12/23
Rocca d'Arazzo;005093;-1;1;1.1200000047683716;2020/12/23
Robella;005092;-1;1;2.069999933242798;2020/12/23
Roatto;005091;-1;5;13.09000015258789;2020/12/23
Revigliasco d'Asti;005090;-1;7;8.90999984741211;2020/12/23
Refrancore;005089;-1;10;6.369999885559082;2020/12/23
Quaranti;005088;-1;0;0;2020/12/23
Portacomaro;005087;-1;12;5.920000076293945;2020/12/23
Piovà Massaia;005086;-1;4;6.599999904632568;2020/12/23
Pino d'Asti;005085;-1;1;4.570000171661377;2020/12/23
Piea;005084;-1;9;15.539999961853027;2020/12/23
Penango;005083;-1;0;0;2020/12/23
Passerano Marmorito;005082;-1;4;9.239999771118164;2020/12/23
Olmo Gentile;005081;-1;0;0;2020/12/23
Nizza Monferrato;005080;-1;26;2.5299999713897705;2020/12/23
Moransengo;005079;-1;0;0;2020/12/23
Montemagno;005077;-1;13;11.65999984741211;2020/12/23
Montegrosso d'Asti;005076;-1;9;3.9000000953674316;2020/12/23
Montechiaro d'Asti;005075;-1;2;1.5800000429153442;2020/12/23
Montaldo Scarampi;005074;-1;2;2.680000066757202;2020/12/23
Montafia;005073;-1;5;5.309999942779541;2020/12/23
Montabone;005072;-1;1;3.069999933242798;2020/12/23
Mongardino;005071;-1;1;1.1200000047683716;2020/12/23
Moncucco Torinese;005070;-1;4;4.489999771118164;2020/12/23
Moncalvo;005069;-1;7;2.450000047683716;2020/12/23
Monastero Bormida;005068;-1;5;5.449999809265137;2020/12/23
Monale;005067;-1;2;1.9900000095367432;2020/12/23
Mombercelli;005066;-1;10;4.650000095367432;2020/12/23
Mombaruzzo;005065;-1;2;1.8700000047683716;2020/12/23
Mombaldone;005064;-1;0;0;2020/12/23
Moasca;005063;-1;0;0;2020/12/23
Maretto;005062;-1;1;2.6500000953674316;2020/12/23
Maranzana;005061;-1;6;23.350000381469727;2020/12/23
Loazzolo;005060;-1;3;9.09000015258789;2020/12/23
Isola d'Asti;005059;-1;8;3.940000057220459;2020/12/23
Incisa Scapaccino;005058;-1;4;1.8300000429153442;2020/12/23
Grazzano Badoglio;005057;-1;2;3.2799999713897705;2020/12/23
Grana;005056;-1;0;0;2020/12/23
Frinco;005055;-1;3;4.010000228881836;2020/12/23
Fontanile;005054;-1;0;0;2020/12/23
Ferrere;005053;-1;4;2.569999933242798;2020/12/23
Dusino San Michele;005052;-1;7;6.690000057220459;2020/12/23
Cunico;005051;-1;3;6.210000038146973;2020/12/23
Costigliole d'Asti;005050;-1;30;5.199999809265137;2020/12/23
Cossombrato;005049;-1;0;0;2020/12/23
Cortiglione;005048;-1;3;5.440000057220459;2020/12/23
Cortazzone;005047;-1;0;0;2020/12/23
Cortanze;005046;-1;1;3.569999933242798;2020/12/23
Cortandone;005045;-1;5;15.869999885559082;2020/12/23
Corsione;005044;-1;1;4.480000019073486;2020/12/23
Cocconato;005042;-1;10;6.929999828338623;2020/12/23
Coazzolo;005041;-1;1;3.5799999237060547;2020/12/23
Cisterna d'Asti;005040;-1;6;4.900000095367432;2020/12/23
Cinaglio;005039;-1;4;9.029999732971191;2020/12/23
Chiusano d'Asti;005038;-1;0;0;2020/12/23
Cessole;005037;-1;0;0;2020/12/23
Cerro Tanaro;005036;-1;0;0;2020/12/23
Cerreto d'Asti;005035;-1;0;0;2020/12/23
Celle Enomondo;005034;-1;0;0;2020/12/23
Cellarengo;005033;-1;1;1.4199999570846558;2020/12/23
Castel Rocchero;005032;-1;12;30.690000534057617;2020/12/23
Castelnuovo Don Bosco;005031;-1;13;4.099999904632568;2020/12/23
Castelnuovo Calcea;005030;-1;2;2.7300000190734863;2020/12/23
Castelnuovo Belbo;005029;-1;0;0;2020/12/23
Castello di Annone;005028;-1;37;19.190000534057617;2020/12/23
Castelletto Molina;005027;-1;0;0;2020/12/23
Castellero;005026;-1;1;3.450000047683716;2020/12/23
Castell'Alfero;005025;-1;13;4.869999885559082;2020/12/23
Castel Boglione;005024;-1;3;4.929999828338623;2020/12/23
Castagnole Monferrato;005023;-1;8;6.730000019073486;2020/12/23
Castagnole delle Lanze;005022;-1;22;5.869999885559082;2020/12/23
Cassinasco;005021;-1;3;4.940000057220459;2020/12/23
Casorzo;005020;-1;1;1.6200000047683716;2020/12/23
Capriglio;005019;-1;1;3.3299999237060547;2020/12/23
Cantarana;005018;-1;1;1.0099999904632568;2020/12/23
Canelli;005017;-1;57;5.46999979019165;2020/12/23
Camerano Casasco;005016;-1;1;2.259999990463257;2020/12/23
Calosso;005015;-1;3;2.4100000858306885;2020/12/23
Calliano;005014;-1;4;3.130000114440918;2020/12/23
Calamandrana;005013;-1;8;4.619999885559082;2020/12/23
Buttigliera d'Asti;005012;-1;30;11.800000190734863;2020/12/23
Bubbio;005011;-1;1;1.190000057220459;2020/12/23
Bruno;005010;-1;2;6.429999828338623;2020/12/23
Berzano di San Pietro;005009;-1;0;0;2020/12/23
Belveglio;005008;-1;1;3.0799999237060547;2020/12/23
Baldichieri d'Asti;005007;-1;1;0.8799999952316284;2020/12/23
Azzano d'Asti;005006;-1;10;27.170000076293945;2020/12/23
Asti;005005;-1;337;4.429999828338623;2020/12/23
Aramengo;005004;-1;6;10.619999885559082;2020/12/23
Antignano;005003;-1;3;3.119999885559082;2020/12/23
Albugnano;005002;-1;27;53.470001220703125;2020/12/23
Agliano Terme;005001;-1;9;5.650000095367432;2020/12/23
Vottignasco;004250;-1;2;3.9100000858306885;2020/12/23
Viola;004249;-1;0;0;2020/12/23
Vinadio;004248;-1;1;1.649999976158142;2020/12/23
Villar San Costanzo;004247;-1;5;3.259999990463257;2020/12/23
Villanova Solaro;004246;-1;6;8.109999656677246;2020/12/23
Villanova Mondovì;004245;-1;43;7.420000076293945;2020/12/23
Villafalletto;004244;-1;17;5.849999904632568;2020/12/23
Vignolo;004243;-1;5;1.940000057220459;2020/12/23
Vicoforte;004242;-1;7;2.240000009536743;2020/12/23
Vezza d'Alba;004241;-1;11;4.809999942779541;2020/12/23
Verzuolo;004240;-1;21;3.2699999809265137;2020/12/23
Vernante;004239;-1;7;6.079999923706055;2020/12/23
Verduno;004238;-1;3;5.360000133514404;2020/12/23
Venasca;004237;-1;9;6.480000019073486;2020/12/23
Valloriate;004235;-1;0;0;2020/12/23
Valgrana;004234;-1;3;3.859999895095825;2020/12/23
Valdieri;004233;-1;2;2.200000047683716;2020/12/23
Trinità;004232;-1;2;0.8899999856948853;2020/12/23
Trezzo Tinella;004231;-1;0;0;2020/12/23
Treiso;004230;-1;5;6.440000057220459;2020/12/23
Torresina;004229;-1;0;0;2020/12/23
Torre San Giorgio;004228;-1;3;4.099999904632568;2020/12/23
Torre Mondovì;004227;-1;1;2.0999999046325684;2020/12/23
Torre Bormida;004226;-1;1;5.849999904632568;2020/12/23
Tarantasca;004225;-1;5;2.319999933242798;2020/12/23
Stroppo;004224;-1;0;0;2020/12/23
Sommariva Perno;004223;-1;9;3.25;2020/12/23
Sommariva del Bosco;004222;-1;18;2.8399999141693115;2020/12/23
Somano;004221;-1;0;0;2020/12/23
Sinio;004220;-1;3;5.869999885559082;2020/12/23
Serravalle Langhe;004219;-1;0;0;2020/12/23
Serralunga d'Alba;004218;-1;2;3.4800000190734863;2020/12/23
Scarnafigi;004217;-1;9;4.210000038146973;2020/12/23
Scagnello;004216;-1;0;0;2020/12/23
Savigliano;004215;-1;98;4.539999961853027;2020/12/23
Santo Stefano Roero;004214;-1;15;10.949999809265137;2020/12/23
Santo Stefano Belbo;004213;-1;11;2.7300000190734863;2020/12/23
Santa Vittoria d'Alba;004212;-1;17;5.920000076293945;2020/12/23
Sant'Albano Stura;004211;-1;12;5.070000171661377;2020/12/23
San Michele Mondovì;004210;-1;5;2.5899999141693115;2020/12/23
Sanfront;004209;-1;9;3.819999933242798;2020/12/23
Sanfrè;004208;-1;15;4.929999828338623;2020/12/23
San Damiano Macra;004207;-1;2;4.900000095367432;2020/12/23
San Benedetto Belbo;004206;-1;0;0;2020/12/23
Sampeyre;004205;-1;17;17.1200008392334;2020/12/23
Sambuco;004204;-1;0;0;2020/12/23
Saluzzo;004203;-1;57;3.299999952316284;2020/12/23
Salmour;004202;-1;6;8.289999961853027;2020/12/23
Saliceto;004201;-1;8;6.369999885559082;2020/12/23
Sale San Giovanni;004200;-1;0;0;2020/12/23
Sale delle Langhe;004199;-1;1;1.9700000286102295;2020/12/23
Ruffia;004198;-1;0;0;2020/12/23
Rossana;004197;-1;2;2.309999942779541;2020/12/23
Rodello;004196;-1;3;3.130000114440918;2020/12/23
Roddino;004195;-1;0;0;2020/12/23
Roddi;004194;-1;3;1.840000033378601;2020/12/23
Rocchetta Belbo;004193;-1;0;0;2020/12/23
Roccavione;004192;-1;10;3.7699999809265137;2020/12/23
Roccasparvera;004191;-1;1;1.350000023841858;2020/12/23
Roccaforte Mondovì;004190;-1;11;5.130000114440918;2020/12/23
Rocca de' Baldi;004189;-1;3;1.850000023841858;2020/12/23
Rocca Cigliè;004188;-1;0;0;2020/12/23
Roccabruna;004187;-1;5;3.2200000286102295;2020/12/23
Roburent;004186;-1;1;2.0399999618530273;2020/12/23
Robilante;004185;-1;13;5.75;2020/12/23
Roascio;004184;-1;0;0;2020/12/23
Roaschia;004183;-1;0;0;2020/12/23
Rittana;004182;-1;0;0;2020/12/23
Rifreddo;004181;-1;3;2.869999885559082;2020/12/23
Revello;004180;-1;9;2.109999895095825;2020/12/23
Racconigi;004179;-1;32;3.2200000286102295;2020/12/23
Prunetto;004178;-1;2;4.730000019073486;2020/12/23
Priola;004177;-1;3;4.369999885559082;2020/12/23
Priocca;004176;-1;1;0.5;2020/12/23
Priero;004175;-1;4;7.650000095367432;2020/12/23
Prazzo;004174;-1;2;11.699999809265137;2020/12/23
Pradleves;004173;-1;0;0;2020/12/23
Pontechianale;004172;-1;1;6.130000114440918;2020/12/23
Polonghera;004171;-1;2;1.75;2020/12/23
Pocapaglia;004170;-1;21;6.309999942779541;2020/12/23
Piozzo;004169;-1;0;0;2020/12/23
Piobesi d'Alba;004168;-1;6;4.429999828338623;2020/12/23
Pietraporzio;004167;-1;1;13.699999809265137;2020/12/23
Piasco;004166;-1;28;10.229999542236328;2020/12/23
Pianfei;004165;-1;15;7.119999885559082;2020/12/23
Pezzolo Valle Uzzone;004164;-1;1;2.9200000762939453;2020/12/23
Peveragno;004163;-1;15;2.680000066757202;2020/12/23
Perlo;004162;-1;3;26.31999969482422;2020/12/23
Perletto;004161;-1;0;0;2020/12/23
Paroldo;004160;-1;0;0;2020/12/23
Pamparato;004159;-1;0;0;2020/12/23
Pagno;004158;-1;0;0;2020/12/23
Paesana;004157;-1;19;7;2020/12/23
Ostana;004156;-1;0;0;2020/12/23
Ormea;004155;-1;3;1.8899999856948853;2020/12/23
Oncino;004154;-1;0;0;2020/12/23
Nucetto;004153;-1;6;14.630000114440918;2020/12/23
Novello;004152;-1;2;2.0299999713897705;2020/12/23
Niella Tanaro;004151;-1;0;0;2020/12/23
Niella Belbo;004150;-1;2;5.539999961853027;2020/12/23
Neviglie;004149;-1;0;0;2020/12/23
Neive;004148;-1;8;2.309999942779541;2020/12/23
Narzole;004147;-1;10;2.859999895095825;2020/12/23
Murello;004146;-1;2;2.109999895095825;2020/12/23
Murazzano;004145;-1;2;2.4000000953674316;2020/12/23
Morozzo;004144;-1;5;2.5;2020/12/23
Moretta;004143;-1;39;9.550000190734863;2020/12/23
Monticello d'Alba;004142;-1;14;5.909999847412109;2020/12/23
Montezemolo;004141;-1;1;4.269999980926514;2020/12/23
Monteu Roero;004140;-1;4;2.490000009536743;2020/12/23
Monterosso Grana;004139;-1;1;1.899999976158142;2020/12/23
Montemale di Cuneo;004138;-1;0;0;2020/12/23
Montelupo Albese;004137;-1;0;0;2020/12/23
Montanera;004136;-1;4;5.340000152587891;2020/12/23
Montaldo Roero;004135;-1;0;0;2020/12/23
Montaldo di Mondovì;004134;-1;12;21.579999923706055;2020/12/23
Montà;004133;-1;32;6.809999942779541;2020/12/23
Monforte d'Alba;004132;-1;7;3.509999990463257;2020/12/23
Monesiglio;004131;-1;13;20.93000030517578;2020/12/23
Mondovì;004130;-1;76;3.390000104904175;2020/12/23
Monchiero;004129;-1;0;0;2020/12/23
Monasterolo di Savigliano;004128;-1;7;5.059999942779541;2020/12/23
Monasterolo Casotto;004127;-1;0;0;2020/12/23
Monastero di Vasco;004126;-1;6;4.650000095367432;2020/12/23
Mombasiglio;004125;-1;6;9.84000015258789;2020/12/23
Mombarcaro;004124;-1;0;0;2020/12/23
Moiola;004123;-1;6;27.649999618530273;2020/12/23
Melle;004122;-1;2;6.940000057220459;2020/12/23
Martiniana Po;004121;-1;0;0;2020/12/23
Marsaglia;004120;-1;0;0;2020/12/23
Marmora;004119;-1;0;0;2020/12/23
Margarita;004118;-1;2;1.3899999856948853;2020/12/23
Marene;004117;-1;11;3.309999942779541;2020/12/23
Manta;004116;-1;18;4.75;2020/12/23
Mango;004115;-1;5;3.7899999618530273;2020/12/23
Magliano Alpi;004114;-1;8;3.5899999141693115;2020/12/23
Magliano Alfieri;004113;-1;3;1.3700000047683716;2020/12/23
Macra;004112;-1;0;0;2020/12/23
Lisio;004111;-1;1;5.320000171661377;2020/12/23
Limone Piemonte;004110;-1;28;19.219999313354492;2020/12/23
Levice;004109;-1;1;4.760000228881836;2020/12/23
Lesegno;004108;-1;4;4.829999923706055;2020/12/23
Lequio Tanaro;004107;-1;8;10.800000190734863;2020/12/23
Lequio Berria;004106;-1;0;0;2020/12/23
La Morra;004105;-1;17;6.139999866485596;2020/12/23
Lagnasco;004104;-1;4;2.7899999618530273;2020/12/23
Isasca;004103;-1;0;0;2020/12/23
Igliano;004102;-1;0;0;2020/12/23
Guarene;004101;-1;19;5.289999961853027;2020/12/23
Grinzane Cavour;004100;-1;2;0.9900000095367432;2020/12/23
Govone;004099;-1;7;3.1600000858306885;2020/12/23
Gottasecca;004098;-1;1;7.090000152587891;2020/12/23
Gorzegno;004097;-1;1;3.6600000858306885;2020/12/23
Genola;004096;-1;9;3.390000104904175;2020/12/23
Garessio;004095;-1;5;1.6399999856948853;2020/12/23
Gambasca;004094;-1;2;5.710000038146973;2020/12/23
Gaiola;004093;-1;3;5.150000095367432;2020/12/23
Frassino;004092;-1;2;7.429999828338623;2020/12/23
Frabosa Sottana;004091;-1;3;1.9600000381469727;2020/12/23
Frabosa Soprana;004090;-1;0;0;2020/12/23
Fossano;004089;-1;115;4.75;2020/12/23
Feisoglio;004088;-1;0;0;2020/12/23
Faule;004087;-1;0;0;2020/12/23
Farigliano;004086;-1;4;2.25;2020/12/23
Envie;004085;-1;3;1.5099999904632568;2020/12/23
Entracque;004084;-1;3;3.490000009536743;2020/12/23
Elva;004083;-1;0;0;2020/12/23
Dronero;004082;-1;25;3.559999942779541;2020/12/23
Dogliani;004081;-1;14;2.9800000190734863;2020/12/23
Diano d'Alba;004080;-1;4;1.100000023841858;2020/12/23
Demonte;004079;-1;2;1.0199999809265137;2020/12/23
Cuneo;004078;-1;258;4.599999904632568;2020/12/23
Crissolo;004077;-1;0;0;2020/12/23
Cravanzana;004076;-1;1;2.740000009536743;2020/12/23
Costigliole Saluzzo;004075;-1;12;3.640000104904175;2020/12/23
Cossano Belbo;004074;-1;2;2.0999999046325684;2020/12/23
Cortemilia;004073;-1;1;0.4399999976158142;2020/12/23
Corneliano d'Alba;004072;-1;7;3.259999990463257;2020/12/23
Clavesana;004071;-1;1;1.2400000095367432;2020/12/23
Cissone;004070;-1;0;0;2020/12/23
Cigliè;004069;-1;0;0;2020/12/23
Chiusa di Pesio;004068;-1;10;2.740000009536743;2020/12/23
Cherasco;004067;-1;31;3.3399999141693115;2020/12/23
Ceva;004066;-1;16;2.809999942779541;2020/12/23
Cervere;004065;-1;10;4.420000076293945;2020/12/23
Cervasca;004064;-1;30;5.840000152587891;2020/12/23
Cerretto Langhe;004063;-1;0;0;2020/12/23
Ceresole Alba;004062;-1;10;4.869999885559082;2020/12/23
Centallo;004061;-1;38;5.409999847412109;2020/12/23
Celle di Macra;004060;-1;1;11.359999656677246;2020/12/23
Cavallermaggiore;004059;-1;23;4.230000019073486;2020/12/23
Cavallerleone;004058;-1;0;0;2020/12/23
Castino;004057;-1;2;4.119999885559082;2020/12/23
Castiglione Tinella;004056;-1;6;7.239999771118164;2020/12/23
Castiglione Falletto;004055;-1;1;1.4299999475479126;2020/12/23
Castelnuovo di Ceva;004054;-1;0;0;2020/12/23
Castelmagno;004053;-1;1;16.670000076293945;2020/12/23
Castellino Tanaro;004052;-1;0;0;2020/12/23
Castellinaldo d'Alba;004051;-1;1;1.0800000429153442;2020/12/23
Castelletto Uzzone;004050;-1;0;0;2020/12/23
Castelletto Stura;004049;-1;2;1.4500000476837158;2020/12/23
Casteldelfino;004047;-1;0;0;2020/12/23
Castagnito;004046;-1;5;2.2799999713897705;2020/12/23
Casalgrasso;004045;-1;4;2.7799999713897705;2020/12/23
Cartignano;004044;-1;1;5.75;2020/12/23
Carrù;004043;-1;7;1.600000023841858;2020/12/23
Cardè;004042;-1;8;6.96999979019165;2020/12/23
Caramagna Piemonte;004041;-1;13;4.210000038146973;2020/12/23
Caraglio;004040;-1;20;2.9600000381469727;2020/12/23
Caprauna;004039;-1;0;0;2020/12/23
Canosio;004038;-1;0;0;2020/12/23
Canale;004037;-1;14;2.5;2020/12/23
Camerana;004035;-1;2;3.369999885559082;2020/12/23
Busca;004034;-1;34;3.3399999141693115;2020/12/23
Brossasco;004033;-1;7;6.679999828338623;2020/12/23
Brondello;004032;-1;0;0;2020/12/23
Briga Alta;004031;-1;0;0;2020/12/23
Briaglia;004030;-1;1;3.259999990463257;2020/12/23
Bra;004029;-1;128;4.320000171661377;2020/12/23
Boves;004028;-1;57;5.809999942779541;2020/12/23
Bossolasco;004027;-1;0;0;2020/12/23
Bosia;004026;-1;0;0;2020/12/23
Borgo San Dalmazzo;004025;-1;60;4.820000171661377;2020/12/23
Borgomale;004024;-1;0;0;2020/12/23
Bonvicino;004023;-1;0;0;2020/12/23
Bernezzo;004022;-1;12;2.890000104904175;2020/12/23
Bergolo;004021;-1;0;0;2020/12/23
Benevello;004020;-1;1;2.0999999046325684;2020/12/23
Bene Vagienna;004019;-1;13;3.549999952316284;2020/12/23
Belvedere Langhe;004018;-1;8;21.739999771118164;2020/12/23
Bellino;004017;-1;0;0;2020/12/23
Beinette;004016;-1;9;2.609999895095825;2020/12/23
Battifollo;004015;-1;1;4.71999979019165;2020/12/23
Bastia Mondovì;004014;-1;0;0;2020/12/23
Barolo;004013;-1;1;1.4500000476837158;2020/12/23
Barge;004012;-1;17;2.2300000190734863;2020/12/23
Barbaresco;004011;-1;1;1.590000033378601;2020/12/23
Baldissero d'Alba;004010;-1;3;2.8299999237060547;2020/12/23
Bagnolo Piemonte;004009;-1;17;2.859999895095825;2020/12/23
Bagnasco;004008;-1;1;0.9800000190734863;2020/12/23
Arguello;004007;-1;1;5.03000020980835;2020/12/23
Argentera;004006;-1;0;0;2020/12/23
Alto;004005;-1;0;0;2020/12/23
Albaretto della Torre;004004;-1;0;0;2020/12/23
Alba;004003;-1;141;4.480000019073486;2020/12/23
Aisone;004002;-1;0;0;2020/12/23
Acceglio;004001;-1;0;0;2020/12/23
Gattico-Veruno;003166;-1;10;1.899999976158142;2020/12/23
Vinzaglio;003164;-1;2;3.569999933242798;2020/12/23
Vicolungo;003159;-1;6;6.849999904632568;2020/12/23
Vespolate;003158;-1;5;2.440000057220459;2020/12/23
Varallo Pombia;003154;-1;18;3.6600000858306885;2020/12/23
Vaprio d'Agogna;003153;-1;0;0;2020/12/23
Trecate;003149;-1;61;2.940000057220459;2020/12/23
Tornaco;003146;-1;2;2.1500000953674316;2020/12/23
Terdobbiate;003144;-1;1;2.130000114440918;2020/12/23
Suno;003143;-1;1;0.36000001430511475;2020/12/23
Sozzago;003141;-1;1;0.9300000071525574;2020/12/23
Soriso;003140;-1;0;0;2020/12/23
Sizzano;003139;-1;0;0;2020/12/23
Sillavengo;003138;-1;5;8.899999618530273;2020/12/23
San Pietro Mosezzo;003135;-1;7;3.509999990463257;2020/12/23
San Nazzaro Sesia;003134;-1;5;6.78000020980835;2020/12/23
San Maurizio d'Opaglio;003133;-1;8;2.619999885559082;2020/12/23
Romentino;003131;-1;20;3.559999942779541;2020/12/23
Romagnano Sesia;003130;-1;5;1.2799999713897705;2020/12/23
Recetto;003129;-1;1;1.0399999618530273;2020/12/23
Prato Sesia;003122;-1;5;2.680000066757202;2020/12/23
Pombia;003121;-1;0;0;2020/12/23
Pogno;003120;-1;5;3.5299999713897705;2020/12/23
Pisano;003119;-1;0;0;2020/12/23
Pettenasco;003116;-1;1;0.7300000190734863;2020/12/23
Pella;003115;-1;1;1.0499999523162842;2020/12/23
Paruzzaro;003114;-1;4;1.8300000429153442;2020/12/23
Orta San Giulio;003112;-1;9;6.809999942779541;2020/12/23
Oleggio Castello;003109;-1;2;0.9200000166893005;2020/12/23
Oleggio;003108;-1;34;2.4000000953674316;2020/12/23
Novara;003106;-1;411;3.940000057220459;2020/12/23
Nibbiola;003104;-1;2;2.4200000762939453;2020/12/23
Nebbiuno;003103;-1;2;1.1100000143051147;2020/12/23
Momo;003100;-1;6;2.4100000858306885;2020/12/23
Miasino;003098;-1;1;1.2599999904632568;2020/12/23
Mezzomerico;003097;-1;5;4.070000171661377;2020/12/23
Meina;003095;-1;5;2.059999942779541;2020/12/23
Massino Visconti;003093;-1;3;2.859999895095825;2020/12/23
Marano Ticino;003091;-1;1;0.6100000143051147;2020/12/23
Mandello Vitta;003090;-1;0;0;2020/12/23
Maggiora;003088;-1;0;0;2020/12/23
Lesa;003084;-1;1;0.44999998807907104;2020/12/23
Landiona;003083;-1;1;1.7799999713897705;2020/12/23
Invorio;003082;-1;13;2.9600000381469727;2020/12/23
Grignasco;003079;-1;16;3.569999933242798;2020/12/23
Granozzo con Monticello;003077;-1;3;2.1700000762939453;2020/12/23
Gozzano;003076;-1;9;1.6200000047683716;2020/12/23
Ghemme;003073;-1;12;3.430000066757202;2020/12/23
Gargallo;003070;-1;9;5.090000152587891;2020/12/23
Garbagna Novarese;003069;-1;4;2.7899999618530273;2020/12/23
Galliate;003068;-1;57;3.630000114440918;2020/12/23
Fontaneto d'Agogna;003066;-1;8;3.0199999809265137;2020/12/23
Fara Novarese;003065;-1;0;0;2020/12/23
Dormelletto;003062;-1;7;2.7100000381469727;2020/12/23
Divignano;003060;-1;2;1.409999966621399;2020/12/23
Cureggio;003058;-1;7;2.6600000858306885;2020/12/23
Cressa;003055;-1;1;0.6200000047683716;2020/12/23
Comignago;003052;-1;4;3.180000066757202;2020/12/23
Colazza;003051;-1;2;4.429999828338623;2020/12/23
Cerano;003049;-1;7;1.0299999713897705;2020/12/23
Cavallirio;003047;-1;0;0;2020/12/23
Cavaglio d'Agogna;003045;-1;0;0;2020/12/23
Cavaglietto;003044;-1;3;7.829999923706055;2020/12/23
Castelletto sopra Ticino;003043;-1;10;1.0099999904632568;2020/12/23
Castellazzo Novarese;003042;-1;2;6.269999980926514;2020/12/23
Casalvolone;003041;-1;2;2.309999942779541;2020/12/23
Casalino;003040;-1;9;5.900000095367432;2020/12/23
Casaleggio Novara;003039;-1;3;3.2799999713897705;2020/12/23
Casalbeltrame;003037;-1;1;1.0700000524520874;2020/12/23
Carpignano Sesia;003036;-1;4;1.590000033378601;2020/12/23
Cameri;003032;-1;28;2.5799999237060547;2020/12/23
Caltignaga;003030;-1;7;2.7799999713897705;2020/12/23
Briona;003027;-1;0;0;2020/12/23
Briga Novarese;003026;-1;6;2.119999885559082;2020/12/23
Borgo Ticino;003025;-1;5;0.9700000286102295;2020/12/23
Borgomanero;003024;-1;71;3.2799999713897705;2020/12/23
Borgolavezzaro;003023;-1;4;1.9700000286102295;2020/12/23
Bolzano Novarese;003022;-1;2;1.6699999570846558;2020/12/23
Bogogno;003021;-1;3;2.3499999046325684;2020/12/23
Boca;003019;-1;0;0;2020/12/23
Biandrate;003018;-1;3;2.299999952316284;2020/12/23
Bellinzago Novarese;003016;-1;27;2.819999933242798;2020/12/23
Barengo;003012;-1;0;0;2020/12/23
Arona;003008;-1;21;1.5099999904632568;2020/12/23
Armeno;003006;-1;7;3.190000057220459;2020/12/23
Ameno;003002;-1;8;8.390000343322754;2020/12/23
Agrate Conturbia;003001;-1;1;0.6499999761581421;2020/12/23
Cellio con Breia;002171;-1;1;1.0199999809265137;2020/12/23
Alto Sermenza;002170;-1;0;0;2020/12/23
Vocca;002166;-1;3;18.6299991607666;2020/12/23
Villata;002164;-1;7;4.480000019073486;2020/12/23
Villarboit;002163;-1;0;0;2020/12/23
Vercelli;002158;-1;102;2.2200000286102295;2020/12/23
Varallo;002156;-1;51;7.139999866485596;2020/12/23
Valduggia;002152;-1;13;6.639999866485596;2020/12/23
Tronzano Vercellese;002150;-1;25;7.239999771118164;2020/12/23
Trino;002148;-1;25;3.559999942779541;2020/12/23
Tricerro;002147;-1;4;5.760000228881836;2020/12/23
Stroppiana;002142;-1;2;1.6799999475479126;2020/12/23
Serravalle Sesia;002137;-1;18;3.680000066757202;2020/12/23
Scopello;002135;-1;0;0;2020/12/23
Scopa;002134;-1;2;5.119999885559082;2020/12/23
Santhià;002133;-1;17;2.009999990463257;2020/12/23
San Germano Vercellese;002131;-1;3;1.940000057220459;2020/12/23
Saluggia;002128;-1;18;4.599999904632568;2020/12/23
Sali Vercellese;002127;-1;0;0;2020/12/23
Salasco;002126;-1;0;0;2020/12/23
Rovasenda;002122;-1;11;11.84000015258789;2020/12/23
Rossa;002121;-1;1;5.619999885559082;2020/12/23
Ronsecco;002118;-1;1;1.7599999904632568;2020/12/23
Roasio;002116;-1;3;1.2799999713897705;2020/12/23
Rive;002115;-1;1;2.240000009536743;2020/12/23
Rimella;002113;-1;0;0;2020/12/23
Rassa;002110;-1;0;0;2020/12/23
Quinto Vercellese;002108;-1;0;0;2020/12/23
Quarona;002107;-1;18;4.5;2020/12/23
Prarolo;002104;-1;5;6.889999866485596;2020/12/23
Postua;002102;-1;1;1.7300000190734863;2020/12/23
Piode;002097;-1;0;0;2020/12/23
Pila;002096;-1;0;0;2020/12/23
Pezzana;002093;-1;5;3.869999885559082;2020/12/23
Pertengo;002091;-1;1;3.380000114440918;2020/12/23
Palazzolo Vercellese;002090;-1;5;4.210000038146973;2020/12/23
Oldenico;002089;-1;0;0;2020/12/23
Olcenengo;002088;-1;1;1.2799999713897705;2020/12/23
Motta de' Conti;002082;-1;4;5.239999771118164;2020/12/23
Moncrivello;002079;-1;3;2.1500000953674316;2020/12/23
Mollia;002078;-1;0;0;2020/12/23
Lozzolo;002072;-1;0;0;2020/12/23
Livorno Ferraris;002071;-1;16;3.690000057220459;2020/12/23
Lignana;002070;-1;0;0;2020/12/23
Lenta;002068;-1;4;4.800000190734863;2020/12/23
Lamporo;002067;-1;2;3.940000057220459;2020/12/23
Guardabosone;002066;-1;3;8.880000114440918;2020/12/23
Greggio;002065;-1;0;0;2020/12/23
Ghislarengo;002062;-1;2;2.3299999237060547;2020/12/23
Gattinara;002061;-1;35;4.46999979019165;2020/12/23
Formigliana;002059;-1;1;1.9800000190734863;2020/12/23
Fontanetto Po;002058;-1;1;0.9100000262260437;2020/12/23
Fobello;002057;-1;0;0;2020/12/23
Desana;002054;-1;2;1.8799999952316284;2020/12/23
Crova;002052;-1;0;0;2020/12/23
Crescentino;002049;-1;31;3.9800000190734863;2020/12/23
Cravagliana;002048;-1;1;4;2020/12/23
Costanzana;002047;-1;2;2.640000104904175;2020/12/23
Collobiano;002045;-1;0;0;2020/12/23
Civiasco;002043;-1;0;0;2020/12/23
Cigliano;002042;-1;8;1.809999942779541;2020/12/23
Cervatto;002041;-1;0;0;2020/12/23
San Giacomo Vercellese;002035;-1;0;0;2020/12/23
Casanova Elvo;002033;-1;1;4.480000019073486;2020/12/23
Carisio;002032;-1;1;1.2400000095367432;2020/12/23
Caresanablot;002031;-1;0;0;2020/12/23
Caresana;002030;-1;0;0;2020/12/23
Carcoforo;002029;-1;0;0;2020/12/23
Campertogno;002025;-1;0;0;2020/12/23
Buronzo;002021;-1;1;1.159999966621399;2020/12/23
Borgo Vercelli;002017;-1;1;0.4399999976158142;2020/12/23
Borgosesia;002016;-1;95;7.559999942779541;2020/12/23
Borgo d'Ale;002015;-1;11;4.699999809265137;2020/12/23
Boccioleto;002014;-1;0;0;2020/12/23
Bianzè;002011;-1;5;2.609999895095825;2020/12/23
Balocco;002009;-1;1;4.409999847412109;2020/12/23
Balmuccia;002008;-1;1;8.930000305175781;2020/12/23
Asigliano Vercellese;002007;-1;2;1.3899999856948853;2020/12/23
Arborio;002006;-1;0;0;2020/12/23
Alice Castello;002004;-1;2;0.7799999713897705;2020/12/23
Albano Vercellese;002003;-1;0;0;2020/12/23
Alagna Valsesia;002002;-1;0;0;2020/12/23
Valchiusa;001318;-1;2;1.940000057220459;2020/12/23
Val di Chy;001317;-1;3;2.3399999141693115;2020/12/23
Mappano;001316;-1;42;5.71999979019165;2020/12/23
Volvera;001315;-1;29;3.359999895095825;2020/12/23
Volpiano;001314;-1;75;4.849999904632568;2020/12/23
Viù;001313;-1;4;3.940000057220459;2020/12/23
Vistrorio;001312;-1;6;11.300000190734863;2020/12/23
Vische;001311;-1;6;4.730000019073486;2020/12/23
Virle Piemonte;001310;-1;0;0;2020/12/23
Vinovo;001309;-1;73;4.820000171661377;2020/12/23
Villastellone;001308;-1;10;2.1500000953674316;2020/12/23
Villar Perosa;001307;-1;16;3.950000047683716;2020/12/23
Villar Pellice;001306;-1;1;0.9399999976158142;2020/12/23
Villar Focchiardo;001305;-1;5;2.5399999618530273;2020/12/23
Villareggia;001304;-1;2;1.899999976158142;2020/12/23
Villar Dora;001303;-1;10;3.4600000381469727;2020/12/23
Villarbasse;001302;-1;11;3.180000066757202;2020/12/23
Villanova Canavese;001301;-1;2;1.649999976158142;2020/12/23
Villafranca Piemonte;001300;-1;19;4.119999885559082;2020/12/23
Vigone;001299;-1;19;3.680000066757202;2020/12/23
Vidracco;001298;-1;0;0;2020/12/23
Vialfrè;001296;-1;0;0;2020/12/23
Vestignè;001295;-1;18;22.610000610351562;2020/12/23
Verrua Savoia;001294;-1;2;1.4299999475479126;2020/12/23
Verolengo;001293;-1;28;5.78000020980835;2020/12/23
Venaria Reale;001292;-1;119;3.549999952316284;2020/12/23
Venaus;001291;-1;4;4.539999961853027;2020/12/23
Vauda Canavese;001290;-1;5;3.4600000381469727;2020/12/23
Varisella;001289;-1;6;7.230000019073486;2020/12/23
Valprato Soana;001288;-1;2;20.200000762939453;2020/12/23
Valperga;001287;-1;14;4.579999923706055;2020/12/23
Vallo Torinese;001286;-1;4;5.159999847412109;2020/12/23
Valgioie;001285;-1;4;4.179999828338623;2020/12/23
Val della Torre;001284;-1;10;2.549999952316284;2020/12/23
Vaie;001283;-1;4;2.8299999237060547;2020/12/23
Usseglio;001282;-1;0;0;2020/12/23
Usseaux;001281;-1;0;0;2020/12/23
Trofarello;001280;-1;25;2.299999952316284;2020/12/23
Traves;001279;-1;0;0;2020/12/23
Traversella;001278;-1;1;3.0899999141693115;2020/12/23
Trana;001276;-1;7;1.8300000429153442;2020/12/23
Torre Pellice;001275;-1;41;8.9399995803833;2020/12/23
Torre Canavese;001274;-1;4;6.659999847412109;2020/12/23
Torrazza Piemonte;001273;-1;13;4.400000095367432;2020/12/23
Torino;001272;-1;2521;2.880000114440918;2020/12/23
Tavagnasco;001271;-1;0;0;2020/12/23
Susa;001270;-1;60;9.59000015258789;2020/12/23
Strambino;001269;-1;32;5.090000152587891;2020/12/23
Strambinello;001268;-1;1;3.700000047683716;2020/12/23
Sparone;001267;-1;32;32.9900016784668;2020/12/23
Settimo Vittone;001266;-1;0;0;2020/12/23
Settimo Torinese;001265;-1;182;3.869999885559082;2020/12/23
Settimo Rottaro;001264;-1;2;4.239999771118164;2020/12/23
Sestriere;001263;-1;7;7.489999771118164;2020/12/23
Sciolze;001262;-1;4;2.759999990463257;2020/12/23
Scarmagno;001261;-1;3;3.609999895095825;2020/12/23
Scalenghe;001260;-1;7;2.130000114440918;2020/12/23
Sauze d'Oulx;001259;-1;2;1.8200000524520874;2020/12/23
Sauze di Cesana;001258;-1;0;0;2020/12/23
Santena;001257;-1;43;4;2020/12/23
Sant'Antonino di Susa;001256;-1;13;3.059999942779541;2020/12/23
Sant'Ambrogio di Torino;001255;-1;6;1.2699999809265137;2020/12/23
San Secondo di Pinerolo;001254;-1;29;8.020000457763672;2020/12/23
San Sebastiano da Po;001253;-1;2;1.0299999713897705;2020/12/23
San Raffaele Cimena;001252;-1;8;2.569999933242798;2020/12/23
San Ponso;001251;-1;0;0;2020/12/23
San Pietro Val Lemina;001250;-1;4;2.819999933242798;2020/12/23
San Mauro Torinese;001249;-1;35;1.850000023841858;2020/12/23
San Maurizio Canavese;001248;-1;34;3.299999952316284;2020/12/23
San Martino Canavese;001247;-1;1;1.2200000286102295;2020/12/23
San Giusto Canavese;001246;-1;14;4.170000076293945;2020/12/23
San Giorio di Susa;001245;-1;2;2.069999933242798;2020/12/23
San Giorgio Canavese;001244;-1;27;10.520000457763672;2020/12/23
San Gillio;001243;-1;4;1.25;2020/12/23
San Germano Chisone;001242;-1;2;1.1399999856948853;2020/12/23
Sangano;001241;-1;16;4.260000228881836;2020/12/23
San Francesco al Campo;001240;-1;14;2.8499999046325684;2020/12/23
San Didero;001239;-1;0;0;2020/12/23
San Colombano Belmonte;001238;-1;3;8.470000267028809;2020/12/23
San Carlo Canavese;001237;-1;16;3.9800000190734863;2020/12/23
San Benigno Canavese;001236;-1;20;3.319999933242798;2020/12/23
Samone;001235;-1;5;3.1600000858306885;2020/12/23
Salza di Pinerolo;001234;-1;0;0;2020/12/23
Salerano Canavese;001233;-1;1;2.109999895095825;2020/12/23
Salbertrand;001232;-1;3;4.860000133514404;2020/12/23
Salassa;001231;-1;4;2.1600000858306885;2020/12/23
Rueglio;001230;-1;1;1.2899999618530273;2020/12/23
Rubiana;001229;-1;20;8.430000305175781;2020/12/23
Rosta;001228;-1;10;2.0199999809265137;2020/12/23
Roure;001227;-1;11;13.800000190734863;2020/12/23
Rorà;001226;-1;0;0;2020/12/23
Rondissone;001225;-1;14;7.420000076293945;2020/12/23
Ronco Canavese;001224;-1;13;43.33000183105469;2020/12/23
Romano Canavese;001223;-1;4;1.5099999904632568;2020/12/23
Roletto;001222;-1;11;5.409999847412109;2020/12/23
Rocca Canavese;001221;-1;5;2.9200000762939453;2020/12/23
Robassomero;001220;-1;7;2.2799999713897705;2020/12/23
Rivoli;001219;-1;185;3.809999942779541;2020/12/23
Rivarossa;001218;-1;4;2.509999990463257;2020/12/23
Rivarolo Canavese;001217;-1;48;3.8499999046325684;2020/12/23
Rivara;001216;-1;14;5.409999847412109;2020/12/23
Riva presso Chieri;001215;-1;42;8.84000015258789;2020/12/23
Rivalta di Torino;001214;-1;86;4.289999961853027;2020/12/23
Rivalba;001213;-1;7;6.070000171661377;2020/12/23
Ribordone;001212;-1;0;0;2020/12/23
Reano;001211;-1;5;2.819999933242798;2020/12/23
Quincinetto;001210;-1;0;0;2020/12/23
Quassolo;001209;-1;1;2.9000000953674316;2020/12/23
Quagliuzzo;001208;-1;1;3.0199999809265137;2020/12/23
Pratiglione;001207;-1;3;5.840000152587891;2020/12/23
Prascorsano;001206;-1;9;11.949999809265137;2020/12/23
Prarostino;001205;-1;4;3.119999885559082;2020/12/23
Pramollo;001204;-1;1;4.460000038146973;2020/12/23
Pralormo;001203;-1;9;4.71999979019165;2020/12/23
Prali;001202;-1;2;8.369999885559082;2020/12/23
Pragelato;001201;-1;1;1.2899999618530273;2020/12/23
Porte;001200;-1;0;0;2020/12/23
Pont-Canavese;001199;-1;9;2.740000009536743;2020/12/23
Pomaretto;001198;-1;3;2.9700000286102295;2020/12/23
Poirino;001197;-1;65;6.239999771118164;2020/12/23
Piverone;001196;-1;17;12.449999809265137;2020/12/23
Piscina;001195;-1;5;1.4800000190734863;2020/12/23
Piossasco;001194;-1;76;4.139999866485596;2020/12/23
Piobesi Torinese;001193;-1;8;2.0999999046325684;2020/12/23
Pino Torinese;001192;-1;54;6.429999828338623;2020/12/23
Pinerolo;001191;-1;150;4.150000095367432;2020/12/23
Pinasca;001190;-1;8;2.7200000286102295;2020/12/23
Pianezza;001189;-1;69;4.480000019073486;2020/12/23
Pessinetto;001188;-1;2;3.240000009536743;2020/12/23
Pertusio;001187;-1;4;5.28000020980835;2020/12/23
Perrero;001186;-1;1;1.5499999523162842;2020/12/23
Perosa Canavese;001185;-1;0;0;2020/12/23
Perosa Argentina;001184;-1;23;7.25;2020/12/23
Pecetto Torinese;001183;-1;3;0.7400000095367432;2020/12/23
Pavone Canavese;001181;-1;3;0.7799999713897705;2020/12/23
Pavarolo;001180;-1;4;3.5199999809265137;2020/12/23
Parella;001179;-1;1;2.3299999237060547;2020/12/23
Pancalieri;001178;-1;11;5.260000228881836;2020/12/23
Palazzo Canavese;001177;-1;0;0;2020/12/23
Ozegna;001176;-1;1;0.8100000023841858;2020/12/23
Oulx;001175;-1;12;3.559999942779541;2020/12/23
Osasio;001174;-1;3;3.2699999809265137;2020/12/23
Osasco;001173;-1;1;0.8700000047683716;2020/12/23
Orio Canavese;001172;-1;2;2.5799999237060547;2020/12/23
Orbassano;001171;-1;113;4.840000152587891;2020/12/23
Oglianico;001170;-1;4;2.690000057220459;2020/12/23
Novalesa;001169;-1;6;11.149999618530273;2020/12/23
None;001168;-1;23;2.869999885559082;2020/12/23
Nomaglio;001167;-1;0;0;2020/12/23
Nole;001166;-1;48;7.039999961853027;2020/12/23
Noasca;001165;-1;1;8.619999885559082;2020/12/23
Nichelino;001164;-1;210;4.420000076293945;2020/12/23
Moriondo Torinese;001163;-1;2;2.369999885559082;2020/12/23
Monteu da Po;001162;-1;5;5.849999904632568;2020/12/23
Montanaro;001161;-1;12;2.319999933242798;2020/12/23
Montalto Dora;001160;-1;2;0.5899999737739563;2020/12/23
Montalenghe;001159;-1;2;2.009999990463257;2020/12/23
Montaldo Torinese;001158;-1;0;0;2020/12/23
Moncenisio;001157;-1;0;0;2020/12/23
Moncalieri;001156;-1;149;2.5899999141693115;2020/12/23
Monastero di Lanzo;001155;-1;1;2.890000104904175;2020/12/23
Mompantero;001154;-1;3;4.619999885559082;2020/12/23
Mombello di Torino;001153;-1;1;2.559999942779541;2020/12/23
Mezzenile;001152;-1;2;2.509999990463257;2020/12/23
Mercenasco;001150;-1;4;3.25;2020/12/23
Meana di Susa;001149;-1;3;3.809999942779541;2020/12/23
Mazzè;001148;-1;21;5.070000171661377;2020/12/23
Mattie;001147;-1;10;14.949999809265137;2020/12/23
Mathi;001146;-1;22;5.71999979019165;2020/12/23
Massello;001145;-1;0;0;2020/12/23
Marentino;001144;-1;3;2.299999952316284;2020/12/23
Maglione;001143;-1;1;2.4000000953674316;2020/12/23
Macello;001142;-1;6;5.130000114440918;2020/12/23
Lusigliè;001141;-1;2;3.509999990463257;2020/12/23
Lusernetta;001140;-1;3;6.050000190734863;2020/12/23
Luserna San Giovanni;001139;-1;77;10.619999885559082;2020/12/23
Loranzè;001137;-1;1;0.8600000143051147;2020/12/23
Lombriasco;001136;-1;2;1.909999966621399;2020/12/23
Lombardore;001135;-1;8;4.610000133514404;2020/12/23
Locana;001134;-1;34;23.639999389648438;2020/12/23
Levone;001133;-1;2;4.519999980926514;2020/12/23
Lessolo;001132;-1;3;1.649999976158142;2020/12/23
Lemie;001131;-1;1;4.829999923706055;2020/12/23
Leini;001130;-1;43;2.609999895095825;2020/12/23
Lauriano;001129;-1;0;0;2020/12/23
Lanzo Torinese;001128;-1;20;3.990000009536743;2020/12/23
La Loggia;001127;-1;27;3.049999952316284;2020/12/23
La Cassa;001126;-1;2;1.1100000143051147;2020/12/23
Ivrea;001125;-1;61;2.5999999046325684;2020/12/23
Issiglio;001124;-1;0;0;2020/12/23
Isolabella;001123;-1;0;0;2020/12/23
Inverso Pinasca;001122;-1;1;1.4199999570846558;2020/12/23
Ingria;001121;-1;0;0;2020/12/23
Grugliasco;001120;-1;134;3.559999942779541;2020/12/23
Grosso;001119;-1;9;8.779999732971191;2020/12/23
Groscavallo;001118;-1;0;0;2020/12/23
Gravere;001117;-1;3;4.440000057220459;2020/12/23
Givoletto;001116;-1;8;2.0299999713897705;2020/12/23
Giaveno;001115;-1;58;3.5399999618530273;2020/12/23
Giaglione;001114;-1;3;4.929999828338623;2020/12/23
Germagnano;001113;-1;1;0.8600000143051147;2020/12/23
Gassino Torinese;001112;-1;24;2.509999990463257;2020/12/23
Garzigliana;001111;-1;0;0;2020/12/23
Frossasco;001110;-1;14;4.880000114440918;2020/12/23
Front;001109;-1;4;2.440000057220459;2020/12/23
Frassinetto;001108;-1;1;3.569999933242798;2020/12/23
Forno Canavese;001107;-1;42;12.59000015258789;2020/12/23
Foglizzo;001106;-1;17;7.329999923706055;2020/12/23
Fiorano Canavese;001105;-1;1;1.2999999523162842;2020/12/23
Fiano;001104;-1;13;4.869999885559082;2020/12/23
Fenestrelle;001103;-1;2;3.9200000762939453;2020/12/23
Feletto;001102;-1;7;3.0899999141693115;2020/12/23
Favria;001101;-1;58;11.050000190734863;2020/12/23
Exilles;001100;-1;2;7.96999979019165;2020/12/23
Druento;001099;-1;26;2.930000066757202;2020/12/23
Cuorgnè;001098;-1;40;4.130000114440918;2020/12/23
Cumiana;001097;-1;49;6.210000038146973;2020/12/23
Cuceglio;001096;-1;1;1.0099999904632568;2020/12/23
Cossano Canavese;001095;-1;0;0;2020/12/23
Corio;001094;-1;15;4.670000076293945;2020/12/23
Condove;001093;-1;8;1.7400000095367432;2020/12/23
Colleretto Giacosa;001092;-1;0;0;2020/12/23
Colleretto Castelnuovo;001091;-1;0;0;2020/12/23
Collegno;001090;-1;116;2.3299999237060547;2020/12/23
Coazze;001089;-1;7;2.1600000858306885;2020/12/23
Coassolo Torinese;001088;-1;2;1.340000033378601;2020/12/23
Claviere;001087;-1;0;0;2020/12/23
Ciriè;001086;-1;110;5.920000076293945;2020/12/23
Cinzano;001085;-1;1;3.0299999713897705;2020/12/23
Cintano;001084;-1;0;0;2020/12/23
Ciconio;001083;-1;1;2.5799999237060547;2020/12/23
Chivasso;001082;-1;121;4.5;2020/12/23
Chiusa di San Michele;001081;-1;7;4.320000171661377;2020/12/23
Chiomonte;001080;-1;17;19.170000076293945;2020/12/23
Chiesanuova;001079;-1;0;0;2020/12/23
Chieri;001078;-1;119;3.2200000286102295;2020/12/23
Chiaverano;001077;-1;3;1.4600000381469727;2020/12/23
Chianocco;001076;-1;4;2.4800000190734863;2020/12/23
Chialamberto;001075;-1;0;0;2020/12/23
Cesana Torinese;001074;-1;5;5.300000190734863;2020/12/23
Ceresole Reale;001073;-1;4;23.950000762939453;2020/12/23
Ceres;001072;-1;0;0;2020/12/23
Cercenasco;001071;-1;1;0.550000011920929;2020/12/23
Cavour;001070;-1;41;7.46999979019165;2020/12/23
Cavagnolo;001069;-1;11;5.340000152587891;2020/12/23
Castiglione Torinese;001068;-1;30;4.610000133514404;2020/12/23
Castelnuovo Nigra;001067;-1;0;0;2020/12/23
Castellamonte;001066;-1;79;7.940000057220459;2020/12/23
Castagnole Piemonte;001065;-1;11;4.900000095367432;2020/12/23
Castagneto Po;001064;-1;4;2.240000009536743;2020/12/23
Caselle Torinese;001063;-1;82;5.869999885559082;2020/12/23
Caselette;001062;-1;8;2.640000104904175;2020/12/23
Cascinette d'Ivrea;001061;-1;1;0.6600000262260437;2020/12/23
Casalborgone;001060;-1;4;2.119999885559082;2020/12/23
Carmagnola;001059;-1;97;3.3499999046325684;2020/12/23
Carignano;001058;-1;23;2.4800000190734863;2020/12/23
Carema;001057;-1;3;3.890000104904175;2020/12/23
Caravino;001056;-1;5;5.539999961853027;2020/12/23
Caprie;001055;-1;2;0.9599999785423279;2020/12/23
Cantoira;001054;-1;1;1.7400000095367432;2020/12/23
Cantalupa;001053;-1;8;3.049999952316284;2020/12/23
Canischio;001052;-1;0;0;2020/12/23
Candiolo;001051;-1;11;1.9500000476837158;2020/12/23
Candia Canavese;001050;-1;3;2.440000057220459;2020/12/23
Campiglione Fenile;001049;-1;5;3.7300000190734863;2020/12/23
Cambiano;001048;-1;21;3.509999990463257;2020/12/23
Caluso;001047;-1;21;2.7799999713897705;2020/12/23
Cafasse;001046;-1;3;0.8799999952316284;2020/12/23
Buttigliera Alta;001045;-1;36;5.619999885559082;2020/12/23
Bussoleno;001044;-1;16;2.690000057220459;2020/12/23
Busano;001043;-1;3;1.8300000429153442;2020/12/23
Burolo;001042;-1;8;6.989999771118164;2020/12/23
Buriasco;001041;-1;15;11.100000381469727;2020/12/23
Bruzolo;001040;-1;4;2.619999885559082;2020/12/23
Brusasco;001039;-1;7;4.579999923706055;2020/12/23
Bruino;001038;-1;39;4.480000019073486;2020/12/23
Brozolo;001037;-1;1;2.2899999618530273;2020/12/23
Brosso;001036;-1;0;0;2020/12/23
Bricherasio;001035;-1;24;5.199999809265137;2020/12/23
Brandizzo;001034;-1;23;2.630000114440918;2020/12/23
Bosconero;001033;-1;15;4.789999961853027;2020/12/23
Borgone Susa;001032;-1;3;1.3600000143051147;2020/12/23
Borgomasino;001031;-1;2;2.5399999618530273;2020/12/23
Borgofranco d'Ivrea;001030;-1;9;2.450000047683716;2020/12/23
Borgiallo;001029;-1;3;5.099999904632568;2020/12/23
Borgaro Torinese;001028;-1;40;3.359999895095825;2020/12/23
Bollengo;001027;-1;3;1.3799999952316284;2020/12/23
Bobbio Pellice;001026;-1;0;0;2020/12/23
Bibiana;001025;-1;9;2.5999999046325684;2020/12/23
Beinasco;001024;-1;67;3.740000009536743;2020/12/23
Barone Canavese;001023;-1;1;1.7000000476837158;2020/12/23
Bardonecchia;001022;-1;5;1.590000033378601;2020/12/23
Barbania;001021;-1;2;1.25;2020/12/23
Banchette;001020;-1;6;1.850000023841858;2020/12/23
Balme;001019;-1;0;0;2020/12/23
Baldissero Torinese;001018;-1;7;1.899999976158142;2020/12/23
Baldissero Canavese;001017;-1;0;0;2020/12/23
Balangero;001016;-1;25;7.900000095367432;2020/12/23
Bairo;001015;-1;7;8.75;2020/12/23
Azeglio;001014;-1;1;0.7900000214576721;2020/12/23
Avigliana;001013;-1;48;3.819999933242798;2020/12/23
Arignano;001012;-1;2;1.8600000143051147;2020/12/23
Angrogna;001011;-1;2;2.319999933242798;2020/12/23
Andrate;001010;-1;1;2;2020/12/23
Andezeno;001009;-1;6;2.9800000190734863;2020/12/23
Alpignano;001008;-1;47;2.869999885559082;2020/12/23
Alpette;001007;-1;1;4.130000114440918;2020/12/23
Almese;001006;-1;20;3.140000104904175;2020/12/23
Albiano d'Ivrea;001004;-1;2;1.2200000286102295;2020/12/23
Ala di Stura;001003;-1;0;0;2020/12/23
Airasca;001002;-1;6;1.6299999952316284;2020/12/23
Agliè;001001;-1;9;3.4200000762939453;2020/12/23
